Id,Name,Email,"Email verified at",Password,Verified,Info,Type,"Country id","Start working","End working",Sex,Accepted,Balance,"Created at","Updated at"
1,"دكتور عمرو",d@d.com,2020-06-05T00:00:00.000000Z,,1,"هذا النص هو مثال لنص يمكن أن يستبدل في نفس المساحة، لقد تم توليد هذا النص من مولد النص العربى، حيث يمكنك أن تولد مثل هذا النص أو العديد من اهذا النص هو مثال لنص يمكن أن يستبدل في نفس المساحة، لقد تم توليد هذا النص من مولد النص العربى، حيث يمكنك أن تولد مثل هذا النص أو العديد من اهذا النص هو مثال لنص يمكن أن يستبدل في نفس المساحة، لقد تم توليد هذا النص من مولد النص العربى، حيث يمكنك أن تولد مثل هذا النص أو العديد من اهذا النص هو مثال لنص يمكن أن يستبدل في نفس المساحة، لقد تم توليد هذا النص من مولد النص العربى، حيث يمكنك أن تولد مثل هذا النص أو العديد من اهذا النص هو مثال لنص يمكن أن يستبدل في نفس المساحة، لقد تم توليد هذا النص من مولد النص العربى، حيث يمكنك أن تولد مثل هذا النص أو العديد من اهذا النص هو مثال لنص يمكن أن يستبدل في نفس المساحة، لقد تم توليد هذا النص من مولد النص العربى، حيث يمكنك أن تولد مثل هذا النص أو العديد من اهذا النص هو مثال لنص يمكن أن يستبدل في نفس المساحة، لقد تم توليد هذا النص من مولد النص العربى، حيث يمكنك أن تولد مثل هذا النص أو العديد من اهذا النص هو مثال لنص يمكن أن يستبدل في نفس المساحة، لقد تم توليد هذا النص من مولد النص العربى، حيث يمكنك أن تولد مثل هذا النص أو العديد من اهذا النص هو مثال لنص يمكن أن يستبدل في نفس المساحة، لقد تم توليد هذا النص من مولد النص العربى، حيث يمكنك أن تولد مثل هذا النص أو العديد من اهذا النص هو مثال لنص يمكن أن يستبدل في نفس المساحة، لقد تم توليد هذا النص من مولد النص العربى، حيث يمكنك أن تولد مثل هذا النص أو العديد من ا",2,1,2020-06-13,2020-06-30,1,0,150,,2020-06-24T20:32:34.000000Z
2,"عادل احمد",a@a.com,2020-06-05T00:00:00.000000Z,,1,"هذا النص هو مثال لنص يمكن أن يستبدل في نفس المساحة، لقد تم توليد هذا النص من مولد النص العربى، حيث يمكنك أن تولد مثل هذا النص أو العديد من ا",2,1,2020-06-15,2020-05-21,1,0,0,2020-06-30T00:00:00.000000Z,2020-06-24T00:00:00.000000Z
3,"عادل احمد",amr2010mohamd2010@gmail.com,,,0,"هذا النص هو مثال لنص يمكن أن يستبدل في نفس المساحة، لقد تم توليد هذا النص من مولد النص العربى، حيث يمكنك أن تولد مثل هذا النص أو العديد من ا",1,1,,,1,0,0,2020-06-14T09:45:49.000000Z,2020-06-14T09:45:49.000000Z
4,"عمرو محمد",b@b.com,,,0,"هذا النص هو مثال لنص يمكن أن يستبدل في نفس المساحة، لقد تم توليد هذا النص من مولد النص العربى، حيث يمكنك أن تولد مثل هذا النص أو العديد من ا",1,1,,,1,0,0,2020-06-14T12:58:22.000000Z,2020-06-14T12:58:22.000000Z
5,amr,1700950@eng.asu.edu.eg,,,0,"هذا النص هو مثال لنص يمكن أن يستبدل في نفس المساحة، لقد تم توليد هذا النص من مولد النص العربى، حيث يمكنك أن تولد مثل هذا النص أو العديد من ا",1,1,,,1,0,0,2020-06-14T13:10:56.000000Z,2020-06-14T13:10:56.000000Z
6,test,amr.mohamed99@icloud.com,,,0,ننننن,2,1,,,2,0,0,2020-06-19T10:49:11.000000Z,2020-06-19T10:49:11.000000Z
